gamma,k,seed,pnl_usd,return_pct,sharpe,max_drawdown_pct,inv_max,inv_final,spread_mean,spread_std
0.5,5.0,20240102,-485.6599999999962,-0.48565999999999887,-0.05419956480603592,-0.5031499999999941,191,-53,39.248179271708686,0.45596486093765065
0.5,5.0,20240101,-133.66999999999825,-0.13366999999999685,-0.025552898771425542,-0.18010944166073145,51,51,39.082212885154064,0.27470801940576683
0.5,5.0,20240103,-147.23999999999796,-0.14723999999999293,-0.04613420262549514,-0.16405539169124805,100,-46,39.92128851540616,0.26930678511725686
0.5,5.0,20240105,57.42000000000007,0.05741999999999692,0.010599190407790171,-0.009653537921718693,100,7,39.99733893557423,0.0515204320661658
0.5,10.0,20240101,-831.6700000000128,-0.8316700000000177,-0.05447593726984697,-0.9610270208162344,176,145,20.468767507002802,0.49905852728111916
0.5,5.0,20240104,-125.22999999999593,-0.1252299999999984,-0.012843968273669463,-0.23657344772279207,101,101,39.15,0.35709642905552536
0.5,10.0,20240102,-1949.5500000000466,-1.9495500000000443,-0.07154631799599213,-2.0377700000000187,414,-401,20.538935574229694,0.5247983904894689
0.5,10.0,20240103,164.3399999999965,0.16434000000000726,0.008157655936773166,-0.48590492807149865,375,-29,20.51764705882353,0.49972348013968537
0.5,10.0,20240104,-53.49000000000524,-0.05349000000000048,-0.003923464631469362,-0.1919999456141813,201,116,20.35406162464986,0.47826146215021104
0.5,10.0,20240105,-88.72000000000116,-0.08871999999999769,-0.010801289306260736,-0.1597308063177446,171,171,20.196778711484594,0.39864701673374375
0.5,50.0,20240101,-6792.520000000004,-6.7925200000000014,-0.16544214486848732,-7.374385105411142,1909,88,4.982212885154062,0.1332416297456007
0.5,50.0,20240102,-7090.639999999999,-7.090640000000004,-0.21457292836860153,-7.160722245519556,1071,-93,5.109243697478991,1.5337081890216904
0.5,50.0,20240105,-5666.140000000014,-5.66614000000002,-0.18859466267583952,-5.7104560856397635,1098,945,4.979411764705882,0.144940119505601
0.5,50.0,20240103,-7650.150000000023,-7.650150000000022,-0.19822019745428707,-7.65025,1581,-675,4.985574229691877,0.1808580758487182
0.5,50.0,20240104,-4904.430000000051,-4.9044300000000485,-0.1420560421537086,-5.275060000000056,1808,635,4.983893557422969,0.1291886168043229
1.0,5.0,20240101,-26.34000000001106,-0.026340000000013575,-0.002985673260934288,-0.27204258759322075,83,83,37.40896358543417,0.4916769561798666
1.0,5.0,20240102,-655.0500000000029,-0.6550500000000015,-0.05927301935116374,-0.6758500000000058,191,-80,37.713025210084034,0.5585220345436375
1.0,5.0,20240103,-163.9600000000064,-0.16396000000000743,-0.020099161135100612,-0.30053698778108623,124,-124,37.69887955182073,0.45877707261295336
1.0,5.0,20240105,252.54999999999927,0.25254999999999583,0.025726557464371066,-0.2052242989955513,100,12,37.56442577030813,0.49586667323109385
1.0,10.0,20240101,-671.6800000000076,-0.6716800000000078,-0.07605691367842848,-0.7877675579205599,161,112,20.064285714285713,0.2452783871503759
1.0,5.0,20240104,-105.05000000000291,-0.10505000000000653,-0.008249652909023297,-0.23371747920303879,100,95,37.523249299719886,0.5003347550418072
1.0,10.0,20240104,17.879999999999995,0.01788000000000345,0.0027779677211753956,-0.14238000000000467,133,1,20.06988795518207,0.2560723274602343
1.0,10.0,20240102,-1211.1499999999942,-1.2111499999999942,-0.06794494586732434,-1.27925,250,-227,20.091316526610644,0.4168434442542787
1.0,10.0,20240103,169.65000000002328,0.16965000000002117,0.024121315149575127,-0.08640391801518621,200,-155,20.05574229691877,0.2294394607459795
1.0,10.0,20240105,-283.4100000000035,-0.28341000000000616,-0.028712035328224004,-0.34246164609464214,212,212,20.07170868347339,0.25802300777217313
1.0,50.0,20240102,-5424.6600000000035,-5.424660000000003,-0.19738865079251033,-5.481424021376761,1000,-87,5.2023809523809526,3.071874671416732
1.0,50.0,20240101,-3794.4000000000233,-3.79440000000002,-0.18781033771227018,-3.810966463495121,902,-418,4.956022408963586,0.20709878234091247
1.0,50.0,20240105,-3941.469999999972,-3.941469999999969,-0.17431094559483207,-3.9876757923775124,846,624,4.971008403361345,0.1822024981019241
1.0,50.0,20240103,-5352.609999999986,-5.352609999999991,-0.17144081102360162,-5.359239999999991,1304,-589,4.98781512605042,0.2719402913457382
1.0,50.0,20240104,-4311.409999999974,-4.311409999999971,-0.17983790160243263,-4.320070000000007,889,338,4.964705882352941,0.21405505388825355
5.0,5.0,20240103,-68.43000000000757,-0.0684300000000082,-0.016623894943567977,-0.1348602909344675,100,-67,28.266946778711485,0.4545761838265999
5.0,5.0,20240101,-799.4799999999996,-0.7994799999999969,-0.08340864536804803,-0.8197874586588718,86,25,28.72983193277311,0.707932936829437
5.0,5.0,20240102,-1724.6200000000026,-1.724619999999999,-0.12340755792435568,-1.7422600000000092,191,-49,29.11904761904762,1.836151932289182
5.0,5.0,20240105,25.87999999999738,0.02588000000001145,0.004779201594452113,-0.07106475426004813,100,46,28.665546218487396,0.5042645381502662
5.0,10.0,20240101,-2741.5399999999936,-2.741539999999998,-0.22263898546008765,-2.805092608425814,119,70,17.497899159663866,0.8150916208528349
5.0,5.0,20240104,-736.1900000000023,-0.7361900000000032,-0.09480701728728462,-0.7399321045596645,100,82,28.968067226890756,0.5149018088661669
5.0,10.0,20240104,-821.3000000000175,-0.8213000000000137,-0.08717843151948518,-0.8294900000000053,171,131,17.380112044817928,0.622271425652552
5.0,10.0,20240102,-793.1100000000006,-0.7931099999999969,-0.08216462459157188,-0.8472043745331639,129,-129,17.451820728291317,2.295095666175516
5.0,10.0,20240103,-5559.279999999999,-5.559279999999999,-0.12668044011998056,-5.584436622535102,200,-156,18.351120448179273,6.396007704729559
